rel,coef,pct,ci_low_pct,ci_high_pct,is_reference
-52,0.0,0.0,0.0,0.0,True
-51,-0.1092487621116302,-10.349262731028542,-19.08594987496458,-0.6692325937178722,False
-50,-0.057354505597654815,-5.574073517003109,-14.261107300333686,3.9931274060766464,False
-49,-0.13006209679631534,-12.19590942996197,-18.06239562021291,-5.909400461636071,False
-48,-0.05406133868555163,-5.262600595597478,-10.432961096193017,0.20622492107198465,False
-47,-0.09251556380031359,-8.836497765139907,-15.302399885516637,-1.8769820102117585,False
-46,-0.0754668128746609,-7.268949520670775,-14.389548124952034,0.44390065304846793,False
-45,-0.0873625162399001,-8.365515447409077,-14.62527865065255,-1.6467799073735412,False
-44,-0.07326331002732898,-7.064391097137301,-18.0633346203283,5.411019134404249,False
-43,-0.07107227085961625,-6.860542299156169,-11.766138747223865,-1.6822061549036649,False
-42,-0.11029195959787298,-10.44273739004562,-16.482240011736447,-3.9664942245167367,False
-41,-0.10157379881797389,-9.658549404063777,-15.488766736735847,-3.426120047810155,False
-40,-0.08103213534014027,-7.783594308718134,-16.814884766956716,2.228210597478708,False
-39,-0.060139668949619834,-5.836699249367783,-13.078010720553424,2.0078725965217314,False
-38,-0.08844680643558622,-8.464819973405003,-15.138271586461382,-1.2665740005780801,False
-37,-0.08582964633492857,-8.224943992429356,-13.693636664127995,-2.409734582201206,False
-36,-0.05469432865226693,-5.322549443381918,-15.01595269260475,5.476497388714474,False
-35,0.031944035772140646,3.2459722877072217,-4.8094883691425565,11.983123223160575,False
-34,-0.0028037169347438135,-0.2799790191101881,-7.185039238510605,7.138789941234158,False
-33,0.005519783886241957,0.5535045961514884,-7.4559986951697965,9.25621481681631,False
-32,-0.0021734439299313443,-0.2171083710917343,-6.883738139561569,6.926816679446679,False
-31,-0.025155092015369165,-2.4841339022315,-10.171361457312555,5.860940286643479,False
-30,-0.0015875995297861545,-0.15863399603047723,-10.437326607987318,11.299696491949351,False
-29,-0.0008207254251756391,-0.0820388722183707,-16.337369707697036,19.331640913653892,False
-28,-0.01952498946583087,-1.9335611396766317,-11.837237546270462,9.082634925293377,False
-27,-0.11639521300464449,-10.98766345571085,-17.75278384337966,-3.6660883210205664,False
-26,-0.0031124567750160726,-0.31076181027823724,-8.741712833329373,8.899087626932989,False
-25,-0.02853942585869526,-2.813602318102637,-9.595802417460975,4.477404224073145,False
-24,-0.07523283154558907,-7.247249647649834,-13.000258275946685,-1.113813358059046,False
-23,-0.10967384372059223,-10.38736351212709,-16.63700882179111,-3.6691881516026204,False
-22,-0.043165853013943045,-4.2247469250089935,-9.781144850621892,1.6738583790575357,False
-21,-0.05864763143075952,-5.696099207562721,-15.37549394014478,5.090429696329846,False
-20,-0.13605606044826082,-12.720629808897133,-21.786062496036397,-2.6044627842762735,False
-19,-0.09180877073697456,-8.7720412581079,-16.12422782525218,-0.7753938899890622,False
-18,-0.03987132416458886,-3.9086922509476985,-11.841387693214678,4.737803639547522,False
-17,-0.0022535597171360546,-0.22510223578248167,-8.082065692066365,8.30345893663993,False
-16,-0.11968147666456622,-11.279701343010306,-17.21775870243254,-4.915700874883866,False
-15,-0.06516956602741747,-6.309141795896444,-14.370155561624598,2.510718880712437,False
-14,0.014528381881796504,1.4634431777251988,-7.885549326044794,11.761295064535094,False
-13,-0.06067396732680924,-5.886997109920444,-14.683499943586842,3.8164634875025083,False
-12,-0.07353063575288238,-7.089231855782163,-13.73570630008263,0.06933885273174845,False
-11,0.004624436570117089,0.46351457785673844,-5.831143761231816,7.178935419416299,False
-10,0.024163428510063287,2.4457729810714257,-6.337053680357219,12.05217019196214,False
-9,0.00983758617170846,0.9886134290723048,-5.863897076015778,8.339943183776644,False
-8,0.028227128844559506,2.862928927317343,-5.308516111664929,11.739532564340482,False
-7,0.003410408707030792,0.34162307674590053,-7.926311142722698,9.351992373008521,False
-6,0.007404753916368301,0.7432236899679756,-4.4484467447029274,6.216976843171151,False
-5,0.037666836869796216,3.8385223571483884,-1.5413838591148754,9.512393612026182,False
-4,0.05316271141356173,5.46012268161864,-1.0891536343439978,12.443052351473938,False
-3,0.03646758677566074,3.714068639918522,-3.620629796769659,11.606955006697106,False
-2,-0.045617718668439326,-4.459287330294304,-10.556429151709823,2.0534812157464,False
-1,0.0,0.0,0.0,0.0,True
0,-0.048888180292230826,-4.771239173273867,-22.517073676340704,17.03890545786926,False
1,-0.27563685531376014,-24.09114603151733,-33.200330246264166,-13.73978146821343,False
2,-0.32159971080206484,-27.50116627452792,-36.77490887059667,-16.867167802162886,False
3,-0.367542700179854,-30.756624086867657,-38.7516436534596,-21.717979161441104,False
4,-0.5726955899294394,-43.59969332108457,-56.93552936386037,-26.13412991065015,False
5,-0.559802256693583,-42.86779722136811,-50.532246960153756,-34.01583064204489,False
6,-0.7469444296128318,-52.618789063323625,-60.145821062745455,-43.670169360150105,False
7,-0.6981601244779977,-50.25002000419776,-59.000890238603475,-39.63135970544505,False
8,-0.6968119483836641,-50.18290303789497,-58.28221312511891,-40.511150383529326,False
9,-0.6289226545263183,-46.68341044334085,-52.79487533945206,-39.780717826828834,False
10,-0.6081136580821722,-45.56232180980992,-54.480588150111146,-34.896768514685185,False
11,-0.7851327120077484,-54.39408267592371,-58.450151684990615,-49.94206286382175,False
12,-0.7452684211720968,-52.53931116965567,-63.0121442290559,-39.10117422864392,False
13,-0.79972443339445,-55.05471987634576,-62.451751100715015,-46.20046834108913,False
14,-0.7234338444090603,-51.49163091167801,-57.025114198178585,-45.24565155425866,False
15,-0.834337212440209,-56.58378566393616,-65.84657159719298,-44.80883016944461,False
16,-0.753533005558839,-52.92993763144608,-59.97267848422504,-44.648038202946424,False
17,-0.761025306169524,-53.28128285291679,-60.012391924898225,-45.417127031707025,False
18,-0.7706489007540405,-53.72872837580485,-65.49100938404683,-37.957310848429415,False
19,-0.7201579584579922,-51.33246246036766,-54.58695827427059,-47.84473534109036,False
20,-0.762969229176105,-53.37201222798622,-61.622373363380675,-43.348001577760165,False
21,-0.710534229823689,-50.861838338645725,-62.95024151937949,-34.82929361819288,False
22,-0.7167460030246648,-51.16612738867177,-59.43270135705161,-41.21503787548937,False
23,-0.8154485842637302,-55.75591891463917,-63.604163591651286,-46.21531185256808,False
24,-0.7510540162720992,-52.813106699625024,-63.143256304563124,-39.58763916475232,False
25,-0.7795152118171533,-54.137170500164935,-61.99824269248766,-44.64995098226332,False
26,-0.8055724566076716,-55.316793863556455,-61.13218663690563,-48.63130343916645,False
27,-0.8544523805357771,-57.44838517843738,-65.45803767793137,-47.581440016630985,False
28,-0.90429314865959,-59.51720628370134,-68.43971150572135,-48.07219245243949,False
29,-0.867743154697954,-58.010187417998196,-64.24676548717714,-50.68573837594226,False
30,-0.821172955316611,-56.00846492849239,-61.96523192645414,-49.1187864165339,False
31,-0.8050103316587276,-55.29166925766602,-67.20970408584124,-39.041878639990166,False
32,-0.7558720229210354,-53.03990666469003,-64.44067512372428,-37.983907913496104,False
33,-0.7856707886666492,-54.418615554666935,-64.31565728395488,-41.77663227578381,False
34,-0.6877532570762782,-49.72957515601234,-58.041813617329275,-39.77061851656335,False
35,-0.5464524163321867,-42.09997770404,-56.464510098561036,-22.99586867031308,False
36,-0.7344631881187039,-52.02370676963939,-62.40794878820915,-38.7709731730839,False
37,-0.7939954022540454,-54.79648796387172,-62.31085796773055,-45.78392103882675,False
38,-0.869700805703242,-58.092308408464746,-62.295854546702955,-53.420118837949715,False
39,-0.801425670437244,-55.131117448175424,-65.45348485651353,-41.724465895107585,False
40,-0.7467045408552242,-52.607421480074876,-61.372953696553736,-41.852750502259426,False
41,-0.8035410509429624,-55.22593188797353,-64.22064786714223,-43.96999789553585,False
42,-0.8376454099267656,-56.72717775961765,-61.02695966728392,-51.953013450792554,False
43,-0.8151914767229815,-55.744541965271566,-64.11279627819631,-45.42496035505622,False
44,-0.7663718559681192,-53.53040024796054,-60.59034083920929,-45.20572501517116,False
45,-0.787151634099189,-54.48606458651051,-61.659634369228456,-45.9703035497211,False
46,-0.7113200742331159,-50.90043811957934,-54.91456663449157,-46.528916395121996,False
47,-0.8222393196632389,-56.055350929823014,-62.76854115638084,-48.13170791904194,False
48,-0.892144034853762,-59.02237642999262,-62.633144111843734,-55.06269945560367,False
49,-0.6806584734813569,-49.37164916818375,-55.13540073800712,-42.867428883491364,False
50,-0.8772564333048443,-58.40775412392982,-63.936895540983144,-52.03089298700279,False
51,-0.778798109664632,-54.1042703714432,-57.03512353150724,-50.9734887825809,False
